{
  "main": {
    "id": "0d21b33302847d8f",
    "type": "split",
    "children": [
      {
        "id": "38258357fb4c560d",
        "type": "tabs",
        "children": [
          {
            "id": "bec37aadf3469d12",
            "type": "leaf",
            "state": {
              "type": "markdown",
              "state": {
                "file": "Resources/_system/Readme.md",
                "mode": "source",
                "source": false
              },
              "icon": "lucide-file",
              "title": "Readme"
            }
          }
        ]
      }
    ],
    "direction": "vertical"
  },
  "left": {
    "id": "1cb520a9b328ac40",
    "type": "split",
    "children": [
      {
        "id": "8a0261aeeda39427",
        "type": "tabs",
        "children": [
          {
            "id": "4c674057f0ee72ca",
            "type": "leaf",
            "state": {
              "type": "file-explorer",
              "state": {
                "sortOrder": "alphabetical",
                "autoReveal": false
              },
              "icon": "lucide-folder-closed",
              "title": "Files"
            }
          },
          {
            "id": "ef6634420951901f",
            "type": "leaf",
            "state": {
              "type": "search",
              "state": {
                "query": "",
                "matchingCase": false,
                "explainSearch": false,
                "collapseAll": false,
                "extraContext": false,
                "sortOrder": "alphabetical"
              },
              "icon": "lucide-search",
              "title": "Search"
            }
          },
          {
            "id": "871c8042df277e4c",
            "type": "leaf",
            "state": {
              "type": "bookmarks",
              "state": {},
              "icon": "lucide-bookmark",
              "title": "Bookmarks"
            }
          }
        ]
      }
    ],
    "direction": "horizontal",
    "width": 300
  },
  "right": {
    "id": "4819daf6331c951b",
    "type": "split",
    "children": [
      {
        "id": "67a8aea8dc04afcd",
        "type": "tabs",
        "children": [
          {
            "id": "c00168289aec2b29",
            "type": "leaf",
            "state": {
              "type": "backlink",
              "state": {
                "file": "Resources/_system/Readme.md",
                "collapseAll": false,
                "extraContext": false,
                "sortOrder": "alphabetical",
                "showSearch": false,
                "searchQuery": "",
                "backlinkCollapsed": false,
                "unlinkedCollapsed": true
              },
              "icon": "links-coming-in",
              "title": "Backlinks for Readme"
            }
          },
          {
            "id": "4946e17283be2915",
            "type": "leaf",
            "state": {
              "type": "outgoing-link",
              "state": {
                "file": "Resources/_system/Readme.md",
                "linksCollapsed": false,
                "unlinkedCollapsed": true
              },
              "icon": "links-going-out",
              "title": "Outgoing links from Readme"
            }
          },
          {
            "id": "f1bcc2bc01e1de4f",
            "type": "leaf",
            "state": {
              "type": "tag",
              "state": {
                "sortOrder": "frequency",
                "useHierarchy": true,
                "showSearch": false,
                "searchQuery": ""
              },
              "icon": "lucide-tags",
              "title": "Tags"
            }
          },
          {
            "id": "f7ab51dd08592895",
            "type": "leaf",
            "state": {
              "type": "outline",
              "state": {
                "file": "Resources/_system/Readme.md",
                "followCursor": false,
                "showSearch": false,
                "searchQuery": ""
              },
              "icon": "lucide-list",
              "title": "Outline of Readme"
            }
          }
        ]
      }
    ],
    "direction": "horizontal",
    "width": 300,
    "collapsed": true
  },
  "left-ribbon": {
    "hiddenItems": {
      "switcher:Open quick switcher": false,
      "graph:Open graph view": false,
      "canvas:Create new canvas": false,
      "daily-notes:Open today's daily note": false,
      "templates:Insert template": false,
      "command-palette:Open command palette": false
    }
  },
  "active": "4c674057f0ee72ca",
  "lastOpenFiles": [
    "tree.txt",
    "tree.tx",
    "test.txt",
    "Resources/_system/Readme.md",
    "Resources/_system/templates",
    "Resources/_system/files",
    "Resources/_system",
    "Resources/Life/Recipes",
    "Resources/Life/Outdoor Gear",
    "Resources/Life/Essential Data",
    "Resources/Life/Emails",
    "Resources/Life"
  ]
}